{
  "total_samples": 234,
  "start_point": {
    "mean": 17.386196581196582,
    "std": 0.15471665523503014,
    "min": 16.759999999999998,
    "max": 17.7
  },
  "dermis_relative_time_us": {
    "mean": 2.3338888888888887,
    "std": 0.3262252453922657,
    "min": 1.6599999999999966,
    "max": 3.679999999999996,
    "median": 2.3000000000000007,
    "q25": 2.102500000000001,
    "q75": 2.5175
  },
  "fascia_relative_time_us": {
    "mean": 5.159017094017094,
    "std": 0.7907593287133011,
    "min": 2.950000000000003,
    "max": 9.220000000000002,
    "median": 5.170000000000002,
    "q25": 4.592499999999999,
    "q75": 5.647499999999999
  },
  "dermis_depth_mm": {
    "mean": 1.7970944444444443,
    "std": 0.25119343895204466,
    "min": 1.2781999999999982,
    "max": 2.8335999999999992,
    "median": 1.7710000000000012,
    "q25": 1.618925,
    "q75": 1.938475
  },
  "fascia_depth_mm": {
    "mean": 3.9724431623931618,
    "std": 0.6088846831092419,
    "min": 2.2715000000000005,
    "max": 7.099399999999999,
    "median": 3.9809,
    "q25": 3.536224999999999,
    "q75": 4.3485749999999985
  },
  "thickness_difference_mm": {
    "mean": 2.175348717948718,
    "std": 0.5862607893950584,
    "min": 0.793099999999999,
    "max": 5.297600000000001,
    "median": 2.1444499999999995
  }
}