{
  "loss": 0.5690487027168274,
  "mae": 0.7518210411071777,
  "dermis_mae_us": 0.7555400547773938,
  "fascia_mae_us": 0.7481020067049109,
  "dermis_mae_mm": 0.5817658421785932,
  "fascia_mae_mm": 0.5760385451627813,
  "dermis_rmse_us": 0.7560454652169079,
  "fascia_rmse_us": 0.7526570686738091,
  "dermis_rmse_mm": 0.5821550082170189,
  "fascia_rmse_mm": 0.5795459428788331
}